{
  "timestamp": "2025-12-15T18:16:39.832955",
  "model_path": "models/telco_churn_model.joblib",
  "model_type": "RandomForestClassifier",
  "test_size": 1273,
  "n_features": 34,
  "metrics": {
    "roc_auc": 0.9998376521026416,
    "accuracy": 0.9968578161822467,
    "precision": 1.0,
    "recall": 0.9882352941176471,
    "f1": 0.9940828402366864,
    "specificity": 1.0
  },
  "confusion_matrix": {
    "true_negatives": 933,
    "false_positives": 0,
    "false_negatives": 4,
    "true_positives": 336
  },
  "class_distribution": {
    "class_0": 933,
    "class_1": 340
  },
  "classification_report": {
    "0": {
      "precision": 0.9957310565635006,
      "recall": 1.0,
      "f1-score": 0.9978609625668449,
      "support": 933.0
    },
    "1": {
      "precision": 1.0,
      "recall": 0.9882352941176471,
      "f1-score": 0.9940828402366864,
      "support": 340.0
    },
    "accuracy": 0.9968578161822467,
    "macro avg": {
      "precision": 0.9978655282817503,
      "recall": 0.9941176470588236,
      "f1-score": 0.9959719014017656,
      "support": 1273.0
    },
    "weighted avg": {
      "precision": 0.9968712299872318,
      "recall": 0.9968578161822467,
      "f1-score": 0.9968518804048229,
      "support": 1273.0
    }
  }
}