{
    "mae": 2.172729015350342,
    "mse": 83.84033203125,
    "rmse": 9.156436644855356,
    "r2": 0.6010050177574158,
    "rmsle": 0.7134957449584988,
    "median_absolute_error": 0.2331189066171646,
    "max_error": 265.02740478515625
}
