{
    "roc_auc": 0.6651637291068907,
    "precision": 0.5121338912133891,
    "recall": 0.567191844300278,
    "confusion_matrix": [
        [
            1106,
            583
        ],
        [
            467,
            612
        ]
    ]
}