{
  "accuracy": 0.9155172413793103,
  "precision": 0.9308176100628931,
  "recall": 0.9164086687306502,
  "f1_score": 0.9235569422776911,
  "roc_auc": 0.9860379949645228,
  "test_samples": 580,
  "confusion_matrix": [
    [
      235,
      22
    ],
    [
      27,
      296
    ]
  ],
  "true_positives": 296,
  "true_negatives": 235,
  "false_positives": 22,
  "false_negatives": 27
}