{
    "rmse": 0.5347921286837026,
    "mae": 0.48831059750118366,
    "r2": 0.4672686760155246
}
