{
    "rmse": 0.5338373546714007,
    "mae": 0.4679039059808148,
    "r2": 0.4629649163116685
}
