{
    "rmse": 0.5327933416982521,
    "mae": 0.487156133500251,
    "r2": 0.4692597607379996
}
