{
    "roc_auc": 0.9995920012901145,
    "accuracy": 0.9075987841945289,
    "precision": 0.8745874587458746,
    "recall": 1.0,
    "confusion_matrix": [
        [
            433,
            152
        ],
        [
            0,
            1060
        ]
    ]
}