{
  "timestamp": "2025-12-10T12:50:46.801474",
  "model_path": "models/logisticregression_model.joblib",
  "model_type": "LogisticRegression",
  "test_size": 1273,
  "n_features": 34,
  "metrics": {
    "roc_auc": 0.8552692137948428,
    "accuracy": 0.809897879025923,
    "precision": 0.696,
    "recall": 0.5117647058823529,
    "f1": 0.5898305084745763,
    "specificity": 0.9185423365487674
  },
  "confusion_matrix": {
    "true_negatives": 857,
    "false_positives": 76,
    "false_negatives": 166,
    "true_positives": 174
  },
  "class_distribution": {
    "class_0": 933,
    "class_1": 340
  },
  "classification_report": {
    "0": {
      "precision": 0.8377321603128055,
      "recall": 0.9185423365487674,
      "f1-score": 0.876278118609407,
      "support": 933.0
    },
    "1": {
      "precision": 0.696,
      "recall": 0.5117647058823529,
      "f1-score": 0.5898305084745763,
      "support": 340.0
    },
    "accuracy": 0.809897879025923,
    "macro avg": {
      "precision": 0.7668660801564027,
      "recall": 0.7151535212155602,
      "f1-score": 0.7330543135419916,
      "support": 1273.0
    },
    "weighted avg": {
      "precision": 0.7998775377626454,
      "recall": 0.809897879025923,
      "f1-score": 0.7997720797674255,
      "support": 1273.0
    }
  }
}