{
  "accuracy": 0.9241379310344827,
  "precision": 0.9379310344827586,
  "recall": 0.912751677852349,
  "f1_score": 0.9251700680272109,
  "roc_auc": 0.955977200247513,
  "classification_report": {
    "0": {
      "precision": 0.9103448275862069,
      "recall": 0.9361702127659575,
      "f1-score": 0.9230769230769231,
      "support": 282.0
    },
    "1": {
      "precision": 0.9379310344827586,
      "recall": 0.912751677852349,
      "f1-score": 0.9251700680272109,
      "support": 298.0
    },
    "accuracy": 0.9241379310344827,
    "macro avg": {
      "precision": 0.9241379310344828,
      "recall": 0.9244609453091532,
      "f1-score": 0.924123495552067,
      "support": 580.0
    },
    "weighted avg": {
      "precision": 0.9245184304399525,
      "recall": 0.9241379310344827,
      "f1-score": 0.9241523665168986,
      "support": 580.0
    }
  },
  "true_negatives": 264,
  "false_positives": 18,
  "false_negatives": 26,
  "true_positives": 272,
  "confusion_matrix": [
    [
      264,
      18
    ],
    [
      26,
      272
    ]
  ],
  "specificity": 0.9361702127659575,
  "false_positive_rate": 0.06382978723404255,
  "false_negative_rate": 0.087248322147651
}